time,EOF1,EOF2,EOF3,EOF4,EOF5,EOF6,EOF7,EOF8,EOF9
1980-01-15,-1.2122328929592445,-0.494917719639868,0.9723916475692284,0.28148504720134526,-0.20360802952759877,2.07237772992199,-0.6326927343293323,1.4738717975976268,-1.2718450601468005
1980-02-15,-1.213162608018709,-0.7157755998685001,1.2580655050665444,0.741005371010647,0.06892561521897624,2.7316106002449323,-0.18277898183972585,2.6367050542844535,-1.7379249276955757
1980-03-15,-0.8982262951107414,-0.5627285898718396,0.8559153511683921,1.3166067645572912,0.5140874332074591,2.6503138201826415,-0.001962170255173559,1.9046907224644587,-0.07363916487674978
1980-04-15,-1.0373907701287233,-1.0863949988242039,0.48509988276982613,0.3743380232626208,0.952948858620983,1.3206512866797628,-0.34067869061705996,1.9218131458029177,0.5493089817604576
1980-05-15,-1.0109557571968701,-1.1569135210565529,0.0066618011589360355,0.30988432251129916,0.5346752891469571,0.6550725694402117,-0.5081578412626256,1.6778374755662875,-0.2535182194031047
1980-06-15,-0.9077237607384782,-0.7522155039542993,-0.6659982767119255,-0.8032823331381936,1.1774626410908715,1.2539784824785878,-0.12536097378668778,1.1213882687172652,0.1082596001927922
1980-07-15,-0.7479969056485587,-1.0590520473281189,-0.3189563648988439,-0.5154109533612702,1.3749879667532248,1.333528224049773,0.300296110042081,1.2455812921593763,-0.46941580519841686
1980-08-15,-0.5477397920260875,-1.6148478810386335,-0.5753113197775686,-0.00897554837771522,1.3276960141821643,0.8689351475774836,1.0317175167007315,1.3859763094916098,0.5843105324980425
1980-09-15,-0.4886578405175417,-1.2972929186096236,-0.5107781421409976,-0.36333629211445473,1.3940115079522566,0.5888779848521694,1.0394426526552079,1.5634234991651097,-0.1879685502548425
1980-10-15,-0.278453560260815,-1.3145935696021411,-0.10342515381345746,-0.8602830683312369,-0.006914887175341772,0.39245161335155204,1.0711538283011879,1.8648695364636185,-1.214493094096488
1980-11-15,-0.38213953057291394,-0.9171976430663786,-0.14324709504263464,-0.371738591318547,0.05885362153693173,0.5952747691742248,0.6387913088925338,0.5794452375739609,0.26599121207562304
1980-12-15,-0.28422099358634456,-0.8682540563290594,0.3461115219718533,0.5786826108451829,0.14928116501069214,-0.12311780402594387,0.3691008825936537,-0.3274811026954177,2.177586270667134
1981-01-15,-0.04032113068577401,-1.5810082411437032,1.5420866657538241,0.6659466009800058,-0.9090666615179754,-1.02573578381559,0.153412453889795,-0.14969459528427204,0.9132496562230838
1981-02-15,0.042422319147904924,-1.5219845309192606,0.8764782932150157,0.7473178982956181,-2.15934652166728,-0.9533848202627533,0.11850207064654415,0.25339351677683875,0.1499521590896738
1981-03-15,-0.14243778083193598,-1.600154107941419,-0.11405298109720588,0.9058490312600251,-1.5008961951267767,-0.46175531866686664,0.4144317196993283,1.269707450836715,0.8327077326986614
1981-04-15,0.07971739361563199,-1.4285900950951982,-0.35819540693288243,1.5885325524480671,-0.5103408914240112,-0.006647093933078423,0.3524967810843136,1.4757273871835224,0.3752443980915731
1981-05-15,0.027416714196543058,-1.3992590450366442,-0.09305337172191201,2.2600004453853666,-0.009132212154107904,0.2590490507405485,0.24400047854139092,1.4989090991906295,0.31371122770937926
1981-06-15,0.06827420246349543,-1.4983407073204953,0.13201423499273457,2.275800733209392,0.172652463239293,0.36850540194792114,0.5698308281302528,1.4347939232587412,-0.17374228651262255
1981-07-15,0.0870327235335553,-1.505922400039606,-0.6308173951892607,0.8152025545384775,-0.1499609195014505,1.05468682458544,-0.35006287041291145,0.7778113716421245,0.2734000456633332
1981-08-15,-0.18652317288599307,-1.7784959849661983,-0.2787141081418592,0.16452392378738828,0.2429903881968568,1.1373795367885768,-0.5334766987934921,0.8465968557041643,0.8093658537294744
1981-09-15,-0.33675099372623635,-1.320626515852441,0.174117519577058,-0.12042551756561855,0.12980599997398826,0.4564519576402548,-0.27912294752495576,-0.811259042790904,-0.012235520733247175
1981-10-15,-0.39919984090579747,-1.4355105699303048,0.23632406092221575,-0.16681167288327917,0.14186976465270268,-0.2476618280406695,-0.5538902326170599,-0.8840390624751826,0.16310616615091272
1981-11-15,-0.24974704893894425,-1.2255253380177762,0.7210486828964613,-0.19639840966537714,-0.040010736573306456,-0.27205474520334477,-0.3734443242686471,-1.2823908675881168,0.3481390843393114
1981-12-15,-0.26294875963347336,-0.7822029826998965,0.5002394226000217,0.4272135529193672,-0.9094074728314147,-0.034723181524803706,-0.6501705130740413,-0.18259671612893166,-1.1088402063594176
1982-01-15,-0.17198478841235956,-0.5053017379558772,0.6626506323668191,0.34997931810980704,-0.6576714323814499,-0.15609802186895205,-0.454094426803731,0.040870120493673674,-1.5707647707816483
1982-02-15,-0.288083981096753,-0.8679200536051911,0.606818999427684,-0.7366806483815673,-0.497077388472834,-0.36402559795950135,-0.8167397736109584,-0.3775183424961638,-0.9595930360898741
1982-03-15,-0.3545070771954971,-0.7206911577240327,0.6069317870922293,-0.7312511277066689,-0.5034944270135231,0.4201264770750699,-0.8234403786937631,0.28272798931580345,-0.38576525812738544
1982-04-15,-0.7624753194070181,-0.4315464940926775,1.0121789574071391,-1.2714322924293175,-0.04972445067061801,0.6001060906219784,-0.9638802450357858,-0.6156996690387346,-0.684251261766012
1982-05-15,-1.103334833426766,-0.5341697908112394,0.6306748383047514,-1.107317375299798,0.22085512496925383,0.9112059287138262,-1.169832835846542,-0.6585255337904481,0.1937059720072812
1982-06-15,-1.3095797264192357,-0.7762870458753923,0.6198860684043029,-1.4658745511468128,0.7634350249344412,0.7186180347716571,-0.821476592797411,0.5171147253580618,0.003255745235781382
1982-07-15,-1.3374387677520634,-1.3430037704468243,0.48665001034568267,-0.3238567912331293,1.3121548195833743,-0.4048783700508758,0.46848301531043357,0.9218646205588179,-1.195135114328648
1982-08-15,-1.6734322532970667,-1.023350905656608,-0.24200070753392247,-0.4220201373214377,1.746427442335554,-0.7093479669700891,0.7482865692120129,0.48000121946741287,-1.2978728922123048
1982-09-15,-2.089882670118271,-1.1409332158781509,-0.7914412772072947,0.01716965318119896,1.7788816076876257,-1.3122837190857157,-0.15237072833438908,0.5586737185880178,-1.3487049948383059
1982-10-15,-2.2179829683334065,-0.601868622140831,-0.5534278816898284,-0.21304376566729188,2.249307713022551,-1.5762215034717484,-0.051440656168019336,0.10790846546471988,-0.8666165243890378
1982-11-15,-2.2595196780081026,-0.2862207781354007,-1.3967536673552485,-0.2885951688289671,1.1872301323307182,-2.1334259013604138,-0.7780079836413483,-0.8386661474861289,-0.7690988921339496
1982-12-15,-2.385849948815491,0.25209194595410206,-2.4363914364181958,-0.413067274342439,-0.7405129098954976,-0.770331173122925,-1.6410401629734943,-1.6676692588532516,-0.246147748515439
1983-01-15,-2.3125479660251775,0.49710973517344725,-2.419550144178676,-0.047799332058505735,0.0012260949044686318,-0.22180234232085383,-1.9307840799303577,-1.1739509745224928,0.3668626172871767
1983-02-15,-2.286597237164916,0.06307415173964528,-2.5667682648340793,-0.05984111995364733,0.11540456154106771,0.41157266310214746,-0.7290188828511379,-0.7371037987017066,1.4077011243370197
1983-03-15,-2.103052663309009,-0.3650056836171867,-2.121934575047969,0.1641697198060572,-1.4759945335101516,0.10518692483945609,-0.02772938887131676,-0.31039786652161583,1.3262695801385627
1983-04-15,-1.7031105951956418,-0.41287585423789686,-2.5563746035958728,0.6015784505722006,-2.3419338973465904,0.06036783323897144,-0.6399608275720752,0.549952692443917,0.809203724395524
1983-05-15,-1.6892770240571147,-0.31052319335406087,-2.5431472434572955,0.0423975428255064,-1.9631722709451884,-0.7787031666566152,-1.512198924807533,1.562462945781027,0.6429035585394327
1983-06-15,-1.4415795910722589,-0.2703019388617212,-2.2537362860239782,1.0310427953492949,-1.4235745773420085,-1.555607117890456,-1.2360346944003224,1.4427538648594398,-0.6864120513861235
1983-07-15,-1.3312699972386437,-0.6623476386469059,-2.5014133566026246,0.3458854058165809,-1.1968156622714468,-1.9850913570466806,-0.20124563303857715,0.9893127759533292,-0.8565919468509905
1983-08-15,-1.1837146704428112,-0.8961097485893543,-2.3497716957437733,-0.1733364647490872,-0.9520922909796659,-1.608063002619878,-1.0800219226443162,0.9755372015474607,-0.5545638514439654
1983-09-15,-0.3131337289852341,-0.8288846890787565,-2.141722100389712,0.30082573816187064,-1.269093627631211,-0.5212688650551291,-0.2521368253775134,0.39220914420591296,-0.16133696348737034
1983-10-15,-0.10815019653684306,-0.6490038569082198,-1.7325322173444242,-0.02413245547061853,-0.9550552669887963,0.25675012705120137,-0.06591514825922129,-0.45835589293189927,-0.567235744938447
1983-11-15,-0.20674144898037808,-0.9111637129797283,-1.1894881283512146,0.8947417170003507,-0.7973768398458686,0.935633964137895,1.2136185263181751,-1.5144426598831062,-1.3431232600821383
1983-12-15,-0.589229845079192,-0.9815193242437189,0.025728577576118815,1.2199496104755851,0.6561314871834454,0.5017985479554158,-0.09996329031664565,-1.6651912886769473,-2.153681478257893
1984-01-15,-0.6443859865280678,-1.0079408656644673,0.5201975544066508,1.6127879088690502,1.0440462588382309,1.039426148205601,0.0909802779427133,-1.617061305520901,-1.386233796293258
1984-02-15,-0.42240330386103536,-0.745059768257693,0.9568907565234452,1.5926217687921302,1.5879396019683705,0.3526867417046694,1.2959755932806016,-1.032639806531282,-1.4768389012681338
1984-03-15,-0.5377835498587732,-1.1012713483656622,0.6279790332268942,2.0877255037534117,0.6295657987109512,-0.023318751643348255,2.2247194238763646,-0.8603879683310842,-2.238753296977404
1984-04-15,-0.16076909120918065,-1.068601247362208,-0.14183581705371118,1.449703972195769,0.8372130052962006,-0.30774927847091227,2.00220207902773,-1.4648736181899382,-2.321143492954802
1984-05-15,0.1560445353052507,-1.2011761065450592,0.12501036208486455,1.6468118040975859,0.7955430033230537,-0.5871938307474511,2.0839186943624597,-2.3629611201043663,-1.6048781694820737
1984-06-15,-0.044220715239176644,-1.5812862179477134,-0.04938462568209325,0.6370708894940593,1.337132527962224,-0.7969567108950606,1.6501949150003743,-2.252683143725221,-0.36292256460905015
1984-07-15,-0.08926678002546422,-1.4274746922913788,-0.29185948135546297,0.6226153944392605,0.5145692118396621,-0.4703189996049936,1.411138470873685,-0.6876701187221173,0.19524144284981038
1984-08-15,-0.22858440468649333,-1.509111576624319,-0.34092236372598433,0.49331493925322095,0.5075128815097767,-0.31451985209182826,0.5043950672649017,-0.14427001335998962,-0.33888942228480873
1984-09-15,-0.11355037722019243,-1.23063501502695,0.03736882843767956,0.9177745812142389,-0.13139165186780238,0.09540846361046064,0.7511536443975109,-0.5523204619503347,0.4341799729933733
1984-10-15,-0.15494016676440964,-1.8368548264384377,0.05588132289969989,0.17504734733244173,0.2681687480144717,-0.7681846091807706,0.48670965324097826,-0.7532662030991195,0.33798026759504507
1984-11-15,0.193321477636064,-1.8689116920141975,-0.022068229771362056,0.6806594730996792,0.09165515195868136,-1.0283031481416105,0.735853533352576,-0.10514427577261574,-0.8400911965015825
1984-12-15,0.3472965737173756,-2.2008841466696745,-0.36361834555905015,0.4972448474362112,-0.37787463305036695,-0.044545907991639315,0.9218181329043151,0.7487696478049469,-2.3711127674255374
1985-01-15,0.12923326257700643,-2.213854419484165,-0.12407686571173454,1.1813545917921278,-0.17947089667779137,0.7588399165051005,-0.5879387042692921,1.078087734012348,-1.3351065533569892
1985-02-15,0.34003642567515163,-1.7454143876291053,0.02579801864636121,0.3349580175689121,-0.3877498624157638,0.15620735229241178,-0.7154998599827731,-0.10510984367025722,-0.4824437315190977
1985-03-15,0.47146303870534045,-1.7501964631635647,-0.9516357383630899,-0.5961574336781236,0.2586901213944429,-0.10907702052419117,-0.3869019392950451,-0.7318155650739805,0.9621695816974204
1985-04-15,0.3922100484509849,-1.891036626872029,-0.8322598036647848,-1.4646260816544547,-0.24329606661647804,-0.1490091679495445,-0.09736967712169081,-1.2138230591181198,0.46752269364266336
1985-05-15,0.3920850889731029,-1.590119416159845,-0.3722282193786383,-1.0926246098802948,-0.22268146285559065,0.24143935534484195,-0.9073081813043216,-0.6457191795847744,-0.3591270317499154
1985-06-15,-0.07026660797883749,-1.959050114216839,-0.19432742242008688,-0.6995799154086066,-0.3382146217292185,0.1038569221495031,-0.5322857757203919,-0.9369883840633554,-0.5110658874232548
1985-07-15,-0.3251704127092009,-1.9254882648336278,0.3609026541321831,-0.5690618933910921,-0.5106165169741814,0.11009139905621966,-0.18111251677823434,-0.930798921697178,-0.2976777724307761
1985-08-15,-0.18384629593567525,-1.94762475607227,0.32016602595058075,-1.416509750182672,-0.38901715294964206,-0.1365946504948552,-0.036156203584842395,-0.22837014755200352,-0.7270591390597759
1985-09-15,-0.20897734942380017,-1.759226316660807,0.27946604210269926,-0.8971029359587022,-0.37422794059324305,0.14587487780963734,-0.0011854496434335084,-0.4269068162779595,-0.45665999775848504
1985-10-15,-0.13974023978451947,-1.490088266293966,0.3142250534597822,-0.8250767624026909,-0.04816562190098011,0.3982986395436656,-0.5275200964283997,-1.017335958642515,-0.8126319160586162
1985-11-15,0.021543323899938415,-1.56783336436781,0.669999792324712,-0.6756005367721986,-0.18211194586812948,-0.05211455957392584,-1.3394264181423876,-1.490988018757257,0.033329930368310605
1985-12-15,0.03786764613542669,-1.3427957704258269,0.4969272175820175,-0.662050494054144,-1.0715045176950244,0.5745465900505621,-0.9913580922933609,-1.088659060201531,-0.5403081513723107
1986-01-15,-0.10015851350981098,-1.3352987195622743,0.3892817032733216,-0.08644582352306265,-1.212736325487922,0.6074334646276099,-0.15838032342630656,-0.9208855730735651,-1.8756571191155667
1986-02-15,-0.48428121503688926,-1.1989554811849668,0.7731422288964759,0.5570811021558948,-1.51724765057912,0.1323064319899215,-0.16972554674018994,-0.10713887828086735,-1.7113077514861712
1986-03-15,-0.5007803441290809,-1.2877621016979992,1.5385159149580105,0.26716759202939666,-1.841692929535476,-0.14535565047305782,-0.043752505186491826,0.1415432508480291,-1.0922137061549333
1986-04-15,-0.4074921190891096,-1.2284376662380208,1.3114562753130454,0.33960048990351904,-0.9819109612622254,-0.5289407766881847,0.3943654330229691,-0.5281733049940918,-0.4662060992623812
1986-05-15,-0.37595408974851197,-1.1914051050719505,1.013224051764263,-0.04248331270891012,-1.8140275145546,0.6469629566292951,-0.09704809507428604,-0.853182204400164,-0.03388841582775371
1986-06-15,-0.5917391196892255,-1.2222153419177992,1.1053506071291301,-0.01103389848472453,-1.0587032757545745,0.8742384760247949,-0.34458227882995807,-0.09161904653078792,-0.40441816539741116
1986-07-15,-0.8038331787745128,-1.0549682812077572,0.8229773256699435,0.03604377187522817,-0.8934149872975977,0.8330698480863838,-0.28553994774102237,-0.5240771312875202,0.4690794456636692
1986-08-15,-0.97275277358422,-0.9831454863184523,0.6581881881971855,-0.14139206996826328,-0.5790774492133712,0.6057320267676304,-1.455206830695978,-0.7519901761748833,0.7059960522942066
1986-09-15,-1.3156428031735905,-1.0194036013759034,0.624504679663129,-0.09348109841027757,-0.009815789964162836,0.40178841175172475,-0.9272347025613641,-0.5144004199740241,0.7158419596770862
1986-10-15,-1.1075211485412582,-0.6397011962854756,0.5080609245406584,0.9551535827826566,-0.4679684422910118,0.47872201482283333,-0.5819649553192306,-0.1468063468253613,-0.6546932917491922
1986-11-15,-1.47642792148827,-0.697111099656348,0.12576450740289274,0.19782231556394092,-0.40783774643690557,0.004332585222087974,-0.31164695790335206,-0.5463531717943001,-0.8093395497870595
1986-12-15,-1.622735365039551,-0.9226640345777739,-0.4450546524279257,-0.08799240749126153,-0.045495896199691126,-0.5928487294629748,0.8327578174246134,-0.08876423883192075,-0.3702513658347366
1987-01-15,-1.028534574221265,-0.3446796240928301,-0.5948574157870741,-0.007958946296497309,-0.549647504865779,-0.5451821141454523,1.4149381568074035,1.1924350144509637,-1.1003364571345242
1987-02-15,-1.3916203619910816,-0.4714705182794449,-0.37976066049611595,-0.40524851193482747,0.17715484023484507,-0.33610865941848783,0.8815459663696533,1.5755451827962939,-1.187791223049608
1987-03-15,-1.531921690114569,-0.43015387186422427,-0.7966859083047085,-0.20962023670994182,0.5852177873400064,0.3230676716075838,0.5488851179254556,0.8507125549102976,-0.004006570293664063
1987-04-15,-1.3329591588168501,-0.7426139374018362,-1.1713613822070423,-0.39809168238739767,0.47377876222643756,0.32946317745876996,0.5969038564557078,0.5289019881994445,0.5446726831631271
1987-05-15,-1.3923712206820849,-0.6171215585995051,-1.1255616178249037,-0.8514239326747847,-1.0040177010352218,0.7476102145546317,0.019192115954634298,0.026324155630280257,0.23617273487572385
1987-06-15,-1.42451109456734,-0.5356628807146252,-1.010112666888674,-1.476921798826386,-1.4108294599035354,0.43130784087762913,-0.6284729982513206,0.21096579769827375,-0.35927803429165744
1987-07-15,-1.5938606638658235,-0.4357348546890905,-0.914180590771666,-0.014110526052518205,-0.5910857575098856,-0.9099060347829697,0.7205433218698394,0.09022676157556356,-1.2888986974019687
1987-08-15,-1.5159203195778674,-0.2628481775485539,-1.093516971840373,0.7688541739185877,-0.08523961830021992,-1.1596949048517429,1.5435359683676135,0.1584514588677868,-1.08101155444633
1987-09-15,-1.8432613352352896,0.18033201158416454,-0.4763521096522318,0.6267133581170693,0.15305121427561022,-0.860593805930046,0.7974992468533105,0.25633907043135246,-1.406188321596326
1987-10-15,-1.9503935214880985,0.1694073614004882,-0.7177187043809163,0.6238328818578909,-0.8163880410325653,0.2868556689653509,-0.3069923440022505,-0.0449432196508659,-0.3038358666326945
1987-11-15,-1.6702673687262637,0.7831232072654843,-0.2997643687378385,1.1066499117899053,-0.6141685905591644,1.5381051043870826,-0.07894364460251235,-0.6031309229145391,-0.0275789598786361
1987-12-15,-1.3516582311051446,0.7407442492108202,-0.6922555666235579,-0.03973966446258134,0.34307833318783815,1.7755107836084398,0.6908991494332032,-0.08461655336195274,-0.5226766365654528
1988-01-15,-0.6861483439460935,1.0367912237391848,-0.39287583684795224,-0.03833348758925291,0.412365516358437,2.039257994398971,1.2807991215854633,0.06858750939291205,0.9109947808913509
1988-02-15,-0.19645612966965537,0.7285527620054888,-0.160665016276987,0.07121310810478047,0.1890575934006635,2.4764647785097127,1.3668446395434724,-0.31302387955380867,0.4439265620341652
1988-03-15,-0.2647073845625889,0.41937717229386995,-0.1395780752738671,0.8170474956952203,0.5587769911943656,2.3129881434764945,0.9908971218655848,-1.5251070303794927,1.8497319378618853
1988-04-15,-0.1664447260270002,-0.15432747296866395,-0.18069864973873243,1.0375320576350016,0.13364865539022838,2.022511346331374,0.863908492274205,-2.1205791679190824,1.071996481695613
1988-05-15,0.19624893517278236,-0.4032360785026208,-0.20883434995660577,0.56279093889274,-0.9617862561700499,2.0525753314914477,1.4063433877597076,-2.147019241334462,0.5789300058305198
1988-06-15,0.858424078552707,-0.9776456031837281,-0.10663592048268336,0.45825577898684255,-0.4034793217118699,1.2537084549329813,1.6536372306020772,-2.1167903292427144,-0.3254916556216016
1988-07-15,1.0651617222087872,-1.1620905117879905,0.22022097276414437,0.14795176145032624,-1.0295124922603565,1.3194484101926773,0.9017635044023299,-1.633223667234876,-0.08206901077805999
1988-08-15,1.0980387006880366,-1.2072170895593501,0.26420057505793226,-0.3355008688491837,-1.6306320372289091,0.43821847664595887,-0.5170412809212458,-1.7292629073419048,-0.1987608641242592
1988-09-15,1.1422961854610953,-1.1202022661323365,-0.17537347607300197,-0.5076018040098307,-2.103817302433739,0.5256661639486481,-0.5744737093537379,-1.2077752685042937,1.2077528498491346
1988-10-15,1.5812804567400676,-1.463452668258167,-0.21422607058742762,0.04203682996893547,-2.707660385178348,0.4088408360799221,0.17219422931123,0.009039280570737846,0.4749994769294368
1988-11-15,1.4838035876217754,-1.9026986233450793,-0.026953234945938338,0.14560252396873788,-1.7480530045557192,-0.45732524972129257,0.8297445965066723,0.7784677157003955,-0.7662054329192975
1988-12-15,1.3872450016401614,-2.4792516426126947,0.3472724140054054,0.4224109644565433,-0.8157815804253018,-1.5354642809598773,1.9314974851673572,0.9370193326151417,-0.748778611569966
1989-01-15,1.6493817701879583,-2.0729603098072196,-0.6327866406464295,0.9978725514496306,0.3652773482988813,-0.6864347099984722,0.635934660340534,1.018688109136878,-0.07260281078448674
1989-02-15,1.072276539253582,-2.268698617174314,-1.054393874659133,1.2523688436938762,1.4161470324108627,-0.9769884800483024,-1.572170261654912,0.272183641534312,0.467773751059867
1989-03-15,0.7790710435965189,-2.0897755452617046,-0.12964622204253817,0.7918605336609688,0.4194141506698055,-1.0184086956355374,-2.381486358650522,-0.7044799959514338,1.1464551935112914
1989-04-15,0.6659629183197645,-1.282075832654197,0.2803113192690713,1.3642825396365006,-0.08504347245875409,-0.5140979084026661,-2.3461299650947103,-1.1604167018504732,0.8352653979630327
1989-05-15,0.6425895368627614,-0.9713689657735044,0.44257817837047214,0.48084431952762613,-0.6114153413566406,-0.5173591715846817,-1.6049460678298224,-1.5530628593052629,0.3901383586122432
1989-06-15,0.42746764912650664,-1.1784143391754733,0.25210155473545526,0.2700261307616901,-0.36268686168153097,-0.697696573561003,-0.08016857314547653,-0.8345548620999209,0.953092146635687
1989-07-15,0.4648759384491784,-1.0227965220900053,-0.07344729662303534,0.20895994824749833,-0.9216027313639193,0.01599949047211022,-0.2352455249584904,-0.6239292289763421,0.4462676316960169
1989-08-15,0.6635404403306654,-1.1580897799296759,-0.07637417799036618,-0.8789583323054753,-0.5336353899205283,-0.5233468216431175,-0.7337349865835274,-0.07504989003122076,-0.2320889438578359
1989-09-15,0.6675121143065401,-0.829689588341342,0.09443874419281742,-0.9564563567036619,-0.4818828462038727,-0.2227417308473352,-1.092197311586397,-0.2589895023888116,0.000633233084233763
1989-10-15,0.5310573738818506,-0.9636781441158772,0.3559827465065923,-0.677764075319642,-0.7881322270115346,-0.1469944344165057,-0.971794798741566,-0.07573270630213214,-0.1298833208345719
1989-11-15,-0.051512549695296284,-1.0674026446248275,0.26628898484378477,-0.36266796912823096,-0.8270739943058638,0.27965046968438856,-1.102813546434828,-1.2549584531317497,-1.4050132402245976
1989-12-15,-0.5953027004023923,-1.243971476216615,0.5560984507003082,0.11211625465598245,-0.34750190117971963,-0.2046882830740153,-1.8445252323205377,-1.2271780979784834,-0.3346369334524489
1990-01-15,-0.20965303804979693,-0.7786259884698677,0.6384991705074773,0.11544195735347182,0.47167158622074346,-0.5463892853680221,-2.2360183335367076,-0.8200555725570159,-0.07852575116639726
1990-02-15,-0.28948745912159285,-0.17012507285094436,-0.4056721388773059,-0.3561267683787801,0.09035028579939308,0.019173188330352663,-1.7802220628943837,-0.01731791133941275,-0.8181898146421482
1990-03-15,-0.32788135649685596,-0.2118274024356729,-0.11332461316379237,-0.53099195000478,0.21771969464727428,0.6013903420741185,-1.5993389303413108,0.7218119406751737,-1.3807765054011265
1990-04-15,-0.44578160813889595,-0.26290207195478943,0.5097260140065496,-0.08248171760304433,-0.5071064475162352,0.2090402916940364,-1.2612769352993496,0.20275341931985716,-0.8074235056747517
1990-05-15,-0.13209914803189818,0.020459838099708264,0.5268666993332901,-0.7224794712773006,-1.201663192702578,0.009304730288558941,-0.9486481559556855,-0.0899402872654226,-0.6076224385802889
1990-06-15,0.01928790544118031,0.07084624264042011,0.5523183052091923,-1.0924685676740096,-0.7474912659480861,-0.39409363657943003,-0.8342338180523042,0.35331215619668865,-0.3377825215364677
1990-07-15,-0.11657304601117349,-0.14265332825622432,0.6350972571453406,-1.0486736368575997,-1.0228866784945256,0.43462892018397753,-0.03179844326161876,-0.05712387605996192,0.24695324192746693
1990-08-15,-0.2656058150186423,-0.23312899108572044,1.0334876679816751,-1.1606465331793356,-0.5643311464667848,0.3651356890927558,-0.005880476122161676,-0.34519316041967246,-0.4048348019692604
1990-09-15,-0.4270163485425558,-0.4314262850715384,1.3919174891096264,-1.07870757797431,0.6705916422018037,-0.22503933488736663,0.015077930054832591,0.6632810043179804,-1.367553567343677
1990-10-15,-0.20860834817393736,-0.16992481205120968,1.6925039310644698,-1.2326969733337367,0.7767380486746797,-0.08806402147170536,0.5121985484214746,0.349309638663097,-0.860889465260776
1990-11-15,-0.1644506018740861,-0.12948840762787447,1.6026566255585375,-1.8144309990023189,-0.2646683407766883,-0.6629692870890751,0.08769925266059167,1.0166133187719038,-0.2519103409917954
1990-12-15,-0.3889353425352217,0.07965607044627393,1.3095482243671905,-2.2017471555338655,-1.0036474831257622,-0.9353935342916536,-0.510837178860044,0.7316484219802344,-0.8193080476721123
1991-01-15,-0.468383977484151,0.27974099509941325,1.4564257154693097,-1.8720312190187904,-0.4602436816537971,-0.6593226210603043,-0.7069618120719543,0.3777971125811865,-0.011619618716055987
1991-02-15,-0.41111060546231976,0.06575569068766039,1.5232322804310392,-1.6475513974366713,-0.5405869811787006,-0.7196015785655618,-1.2595215631614454,0.7282970085832081,-0.3089033144919599
1991-03-15,-0.49431178913193546,-0.07844713497834974,0.9322847521175124,-2.673149139990491,0.2533309151232741,-0.16447667472511715,-0.5922578935439341,0.20317821926951063,0.4069660927865829
1991-04-15,-0.3057894556361492,0.5789547305665218,0.6547674920880455,-1.679372669354265,1.9088463855059519,0.07389735332781552,0.04029648425850141,-0.5514473487869385,0.31737067251132933
1991-05-15,-0.6724258987024998,0.4186115763124242,0.7238774508259794,-1.7648054200950927,2.250626616348382,-0.12531013213382253,-0.17170889623521152,-1.2717407065759363,-1.3349794916208304
1991-06-15,-0.6218802115344454,0.8252429784874429,-0.2039735225518092,-1.915663438237398,2.1774373258899757,0.3875847622020864,-0.8183299785610028,-1.6249707849999577,0.2533799907942465
1991-07-15,-0.768230117946254,0.7523845325042456,-0.2856827694713302,-0.9435242175367646,1.8390905111803513,0.7775169197187516,-0.44034754088774986,-1.4903058231510358,0.7669004821873556
1991-08-15,-0.6417832113436035,0.42285405754689276,0.09082814759611231,-0.8629425396775939,1.2385422528197894,0.481560052663761,-0.058489547182594505,-0.8563733759308922,-0.2285018695072014
1991-09-15,-0.9794110904667525,-0.2109828333795256,-0.04974368906083999,-1.0143636412731418,0.7380167206109106,0.14091995052173573,0.3528828620931543,-1.0279936036855806,-0.8271658874729335
1991-10-15,-1.3493327309696632,-0.4431366676914854,0.31081986241845266,-1.3553327407038147,0.4123319316556005,-0.6143396130654909,-0.046870981000219754,-0.7268711170713743,0.146457775453465
1991-11-15,-1.3310901425294843,-0.3118934948451359,0.7792507605458249,-1.2655893804421516,0.637792495725122,-1.7027418348267018,1.1315021449637641,0.6817785246846361,1.9142727591502138
1991-12-15,-1.2886415735173582,-0.09844137069128592,-0.2138333804562633,-1.2443633650645154,0.39999344250527885,-0.8600750947440287,0.15881919584372572,1.3173569274679926,1.8770380998628715
1992-01-15,-1.4242990894240017,-0.2666484285986974,-1.2120830938508553,-0.9766982023015476,1.0279944695625494,-0.35419005351898586,0.5347760715038006,0.09892471523981868,1.8746962794550697
1992-02-15,-1.3517640036182892,0.09997681981369702,-1.3184291124203031,-0.7605487034141621,-0.15455765806252492,0.3193074144024257,0.3432765262663454,0.8072302858516346,1.0145774192141603
1992-03-15,-1.5338350057276076,0.0685321820342938,-1.2403594831166986,-0.6387730676364239,0.5345951171948548,0.661918163069627,0.19697683671389443,1.2971046424519876,2.923647437816625
1992-04-15,-1.6460629489545073,0.025769334138756247,-1.0346634324524706,-0.029946319994922487,0.2879849673143069,0.5114435438346009,0.17671376393313182,0.9452465834818116,3.143602810321919
1992-05-15,-1.9475346718847855,-0.1393716475514819,0.11914250379944738,-0.052877458943012864,-1.2500576299073092,0.17341537644906804,0.36013024320016146,0.5675049845905964,3.822401262408915
1992-06-15,-1.4868609497447676,-0.1438337032235028,0.5891228312279402,-0.22124513624507305,-1.3573811075166582,-1.126648793206224,0.837806269431733,-0.015961624257349302,2.3230192433072454
1992-07-15,-1.1567351084503,-0.6049862855760059,1.2160774561383259,-0.43819216494081475,-1.20675125252085,-1.385152482729297,1.5998590438975795,0.09186095975278626,1.1873790252917205
1992-08-15,-0.7191233690034927,-0.49398837600470696,1.1112098902837402,-0.6058900957022249,-0.742304214021792,-0.7332976962775173,0.8990334249036496,0.17613348071666604,1.6996640860637948
1992-09-15,-0.7137163127573357,-0.612406471485992,1.4461091921406761,-0.6262930529747457,-0.8357786811026028,-0.31099083214838746,0.8596125746509293,0.8192358744070901,1.164831560505094
1992-10-15,-0.9940260925393072,-1.0879036665861,1.816708255379153,-0.41904578734814474,-0.5845498100149495,-0.6057617471255887,1.4323241366000117,0.20841196468492384,1.3587836131395046
1992-11-15,-1.30970232474803,-1.1455259669290807,1.2255483603852662,-0.9469856501840813,-0.37007627123078035,0.21132871873904133,0.9173590824220546,0.43150424818950095,-0.598175933358033
1992-12-15,-1.2780722060328844,-1.0104309839754748,0.6663879524408365,-0.8554548942324152,0.44172783838485147,0.6688917696209296,-0.036746406480830315,1.0969168086184478,0.37521594560940347
1993-01-15,-1.738765117115933,-0.48121054298743826,0.06216148983736595,-0.9701709907246178,0.9663132113295149,1.609819395516263,-0.6076409150310491,0.09581134077336335,0.7080053850788767
1993-02-15,-1.8922803247134157,-0.6165739158298044,-0.21358030386141408,-0.5322713837793706,0.8377761790916081,1.2096233171285982,-0.5266317853997384,-0.04439019140060869,0.6342418003128242
1993-03-15,-1.683017835728221,-0.7461805337671802,-0.2722819459555564,-0.4209225906908365,1.0140726546974796,1.7131226264042987,-0.22938399807450324,0.11960465916122462,1.0470852030608615
1993-04-15,-1.8889385289868486,-0.9316517671485931,0.07784904036763378,0.24502060718247287,0.9276135455836986,0.10485022313585245,0.8925306071334972,-0.42539561768152145,0.5238484799381282
1993-05-15,-1.9361558149408225,-0.8188169201986192,-0.44559515951857537,0.3997450530338004,0.7485092978686876,0.46849197534036685,2.6447118327359593,-0.1727354362746273,0.5558742636309789
1993-06-15,-1.5133174704135253,-0.8332657469137491,-0.094060770664322,0.7482569769790625,-0.0005384026365939791,0.2886658404158324,3.0183482586618147,-1.0858713603756383,0.012375705822454688
1993-07-15,-1.1913501929691126,-0.9015628805828568,-0.1816853083031628,0.09540480494347763,-0.18875357235304174,-0.07059382474163045,2.1852976642189734,0.1534132332371186,-0.24983545624104164
1993-08-15,-1.228085246633566,-0.9950759598817909,0.09404972713495989,-0.3858334988143599,-0.49559291855329995,0.13346570978724723,1.0743348023453905,0.39218864316405316,-0.3158176247677552
1993-09-15,-0.9903373019719561,-1.027961768669475,0.12331564072963044,-0.9262160167793637,-0.10751148466641221,-0.6436883154855346,1.0455705108374627,-0.08872177143090439,0.11267038700179158
1993-10-15,-1.3665891692792873,-1.0981525821459497,0.03409447393964852,-0.6416259433335223,-0.4690169189193154,-0.7528033250422735,0.5267688761293922,-0.29169009326788303,-0.48774229113033685
1993-11-15,-1.0354138415930925,-0.5798586339887252,0.16253625739574462,-1.1357530282207913,-0.7334555797100346,0.517717912926384,0.23654731513586105,-0.3325734460517693,0.19781072052980916
1993-12-15,-1.0177848409158488,-0.4047040199991311,0.5411108950933987,-1.8419086748247733,-0.22170502302025574,0.6687271219583293,0.8240253033133864,-0.12149749087585485,0.6482003603355869
1994-01-15,-0.8624617629747499,-0.2539035883444243,0.40703338260596716,-1.226518950966552,-0.3806227871459225,1.2044213322709174,1.0754002663856759,0.8661994161167599,-0.06383395854999072
1994-02-15,-0.45398365170470417,-0.22832540655666622,0.4910672294572068,-0.9574146905716211,0.16970509717657692,1.2455369695591765,1.1817173955396085,-0.29077725520936765,0.41113360498253293
1994-03-15,-0.6239491613174075,-0.15891821415752322,1.1573588444664284,-0.3333852357796073,0.5227593002722742,0.9647527993577623,0.6583960530745139,-1.2525429734562128,0.3113625233621184
1994-04-15,-0.8151679036148805,-0.26271858162073325,0.9390365731004863,-0.46470022480742695,0.8203361200653414,0.7533110301993358,0.30985958789031925,-1.7946677920267369,0.5618441184301782
1994-05-15,-0.7582324218944789,-0.028870728898695547,0.568364851846496,-0.34437040587991935,0.878480641925768,-0.00033665835086954223,0.41891160558140395,-1.5705973435765872,0.4869968015086938
1994-06-15,-0.7466686303653294,-0.2505552324512715,0.4270921485687826,-0.4088157092332192,0.8834607133814044,0.2712058007611213,0.12354649891814044,-1.2445126343172306,0.981427477837258
1994-07-15,-0.8140031205126151,-0.3616259505475446,0.9759231883774923,-0.9730701643878584,0.6570723388214063,0.422079929117969,-0.6685843597292764,-0.7479271144834939,1.8023839238425392
1994-08-15,-0.6851878383234276,-0.42839558305506015,1.230255444374228,-0.7608939925075472,0.5254041624600534,-0.19261312961365387,-0.3324726070087916,-0.8691631046176811,0.9441552163554124
1994-09-15,-1.144147966753486,-0.5646538833753765,0.6970207632736863,-1.1453309531337432,1.0860600778281437,-0.42556940677802646,-0.6898263978524517,-0.7901539259103177,0.8126232329308063
1994-10-15,-1.402006196049994,-0.07230221464650673,0.5723040823096696,-0.39350822238834804,1.4199695066593403,-0.23101336587154275,-0.4000938228607434,-0.06330662827756246,0.7665008222020468
1994-11-15,-1.2256152184175975,0.3384199216681863,-0.058763772328316206,-0.9623317214843199,1.1451363607731662,-0.4252845988222673,-1.0931078603123652,0.6978740512122298,-0.0022522084519797157
1994-12-15,-0.8721092585657231,0.5058332277055809,-0.29736466464860095,-1.4157125116458273,2.0613960072280304,-1.5103814217454006,-0.2690423028990051,-0.09931499483558116,0.531855743093469
1995-01-15,-0.9779780133434788,0.27150682139624177,-0.6611143592271762,-1.2271516945890846,1.2554834029427686,-0.6467408842198615,0.4089693358695665,-0.13847956071033232,0.22266223418470504
1995-02-15,-0.8775698177691069,0.2699765698518075,0.22077846709430982,-0.984157864636767,0.03395118311738365,0.5230734718540748,0.6259773113424798,0.47758681776133344,-0.36516908154911815
1995-03-15,-0.9209056536345712,0.22177717640946443,1.4139607254065498,-0.22184763176209518,-0.14507202884940815,1.199385198935481,0.474746658402988,1.4461935169718503,-1.0977718054718877
1995-04-15,-0.5570716887186092,0.1574550396195047,1.1427291117883664,-0.18821357289887414,-0.6002789004830177,1.6614376542729563,1.0882436805074147,2.046918838358697,-1.156231383889669
1995-05-15,-0.5354807387784294,-0.1477219795029772,1.0478480840468936,-0.37040471819407966,-0.632517602636927,2.326198400123804,0.11346351304696876,1.6457691604458928,-1.012389395088805
1995-06-15,-0.46755695140200254,0.14067520182415227,0.8983268838757705,0.6411742877428935,-0.04233807510772986,1.3149980610912708,0.6177813156138723,0.2250391860587981,-0.24605159565282708
1995-07-15,-0.27224732575183236,0.21538515323094382,0.9073929009379146,0.960448437037407,0.14106972167566198,0.8798961801384443,0.628323945999792,0.13774827805046017,0.6329860487120658
1995-08-15,0.4154812570453237,0.29672959913187846,0.5757248716332817,0.0929020921222148,0.03495969905549468,1.4547621041901189,0.9720359054869918,-0.049869369150345406,1.549320974337916
1995-09-15,0.3425187939932236,-0.18692152441032328,0.7344174265683634,0.14360011610817078,-0.43325645734285617,0.7147199923284024,1.1336893425457504,0.019357460793031477,0.7302753190836121
1995-10-15,0.6037963016989253,-0.20335920606301183,0.4636913225876742,0.1498237853307051,-0.12808144188008197,0.3418241741550799,0.5073615893061676,-0.05686816631672154,0.005736662311401166
1995-11-15,0.674992549870069,-0.1073919040088607,0.7678724326353191,0.7902107612420478,-1.1035446503354698,0.6546111285736231,0.24851181045562923,0.25708912015426977,0.5141114265259275
1995-12-15,0.4612944640603028,-0.37004285523713054,1.6395067295236876,2.0794076708121785,-1.0399360583614177,0.6497512560556493,0.6345421508222919,0.3137492231719557,-1.1619896501541445
1996-01-15,0.3008011444042707,-0.6421488411258298,1.3650276822377,1.599397589570637,-1.1958382053145553,0.04701432737578023,0.35510564420465984,-1.1398946335638644,-0.8004301660893751
1996-02-15,0.16871476519701803,-0.49526079476253637,1.2956607639729636,1.4113866971448394,-1.4810352466863241,0.13181458331549958,-0.7395009057401741,-0.23110305956628358,-0.8560212518612706
1996-03-15,0.17057814717979938,-0.4682698421813202,0.8609617204326198,1.2524957623072266,-1.1618277276331856,0.21212441684536665,-1.04294465095636,1.5153727339438618,0.5135394911294553
1996-04-15,0.348117691637762,-0.7046458128336354,1.2756961276405632,1.7672491417295204,-1.5776343153970787,-0.45349893018833903,0.5094505628403346,0.9741872785589663,-0.08998603745538063
1996-05-15,0.26675462339902695,-0.9569325176691182,1.6780620653625085,2.6975922577208498,-0.9847499753290936,-1.2510684823459521,0.33034379522333185,0.9335980870016968,0.22636392641054265
1996-06-15,0.3070943331955696,-0.40531483723092443,1.288015007577455,2.3250647432514833,0.22452214130763393,-0.3019174493902479,0.8426279323460897,-0.8089888557644282,1.9549948849220264
1996-07-15,0.47389141536187457,-0.4268744005863412,0.8540794755451343,1.5937974074210741,-0.4667758674633965,0.3633673080050146,-0.015121174745219353,-1.0173187213220727,1.6805326359853545
1996-08-15,0.442841104346838,-0.20137719878471755,0.9010459099436945,1.0922165519310028,-0.5235038834272939,-0.29348901892552276,-0.8978385290509724,-1.249064850629343,2.0164903484145866
1996-09-15,0.3358223487577223,-0.1722537471846049,0.9377261946832383,1.4894128733972403,-1.1939968559395258,-0.5063492664033009,-0.6654436651900862,-0.8330109347249623,0.5152678459506068
1996-10-15,0.2794290635994092,-0.41833405994082673,1.24429887747951,1.5644563329925436,-1.0047183035450356,-0.6021164378551014,-0.4118883551162264,-1.007414852995074,1.471705821075391
1996-11-15,0.10839035949914698,-0.554875194954689,1.2302564121316484,0.5956916230070589,-0.5623115112726672,0.6944972296980165,-0.7467211983262761,0.5846460866193657,1.946711243901736
1996-12-15,0.4123702228277952,-0.8598257353828344,1.2391187864536255,0.2042294527989528,-0.8633983565326802,0.7640992068137025,-0.9835069566091742,1.880680201942114,2.159878892947555
1997-01-15,0.07802757274682962,-1.1394126712855497,1.3558568851228687,-0.07972484057178485,-0.33915757814032826,-0.17361891983250394,-1.379693419856036,2.3265687651172886,2.728600153238596
1997-02-15,0.3559985815015739,-0.5426522967234667,1.4828587198936787,0.6744922043165013,-0.05756107787825818,-1.3512339692423758,-1.7253063466671417,2.6600043482094895,1.9029359028340362
1997-03-15,0.021748510207418904,0.18309963620659128,1.166677687609088,1.0024134401102476,0.3374163977441837,-1.142739190036092,-2.018219632748444,2.693603463823513,0.25773106912883526
1997-04-15,-0.5032182529019719,0.29595036704842564,1.1766003033886632,1.3355812405627259,0.028230185695347413,-0.6559451053951018,-2.1567698210117228,1.356760862583157,1.8827435120922726
1997-05-15,-1.2144823372556635,0.7772596334399442,0.7324388355929976,1.1860742320587818,-0.1615236825883285,-0.4396055893722321,-2.2281934469593,0.6899555479221662,1.3792622306956446
1997-06-15,-1.4850395295553334,0.6952707133257137,0.14653301712338582,3.0375357265841374,-0.4861669265648443,-1.6499361235053327,-1.1243928405727472,1.1420481753190288,0.5285056776774699
1997-07-15,-1.7168465030515445,1.2157769041647422,-0.5171775384100309,1.9301851342016487,0.2057960320650047,-1.856835789739793,-1.6259499716885093,0.6895599893559815,-0.31966417161748273
1997-08-15,-2.1392427024976355,1.0855044722797254,-0.937548622073489,2.1799513737222282,0.6140022529378732,-2.766203867843991,-0.3668314231838426,0.7247595230798306,-0.5680362666515656
1997-09-15,-2.18937981892242,1.234854492066516,-0.9559893840202811,2.0472917829121964,0.4591033478655402,-2.1337641755170837,-0.033450425114817356,0.5901094853329144,-0.46784891156673036
1997-10-15,-2.010845508272647,1.4565858538404877,-1.4847187462365687,2.087321682402324,0.24412769208976173,-2.4674601295919465,0.4372052170244427,-0.31861468863632364,0.5863466604708784
1997-11-15,-2.095750349892117,1.553114410574168,-1.3923057987784733,1.8228912423725143,-0.3002727546365553,-2.5390720416931827,0.07056976572262545,0.10933774886023845,0.3696799734044704
1997-12-15,-1.6405443953728862,2.4723939914684254,-2.440632731419617,1.09082477087292,-2.0191890956201064,-1.0665674205451037,-0.14770040106485485,0.3226628182966922,-0.5449008176497913
1998-01-15,-1.7640327019146493,2.0289761133432442,-2.551027964442511,0.38627293668619955,-1.5559938096529338,-1.8596722955427958,1.2084504131585834,-0.977176809409525,0.3932902928502272
1998-02-15,-1.4409921817274867,2.1402125162293975,-2.8034111341340187,0.4263967175613824,-2.9450189227417263,-0.18569833978772465,2.440900878979458,-1.1680051942954677,-1.0290678592561338
1998-03-15,-1.294310348223875,1.5372262749497854,-2.3570237954259037,0.9725313323224427,-2.3932738251049335,0.1117493339981318,2.2192301302146618,-0.892863610966983,-1.287229505878931
1998-04-15,-0.6196271506829895,1.7557270722464011,-3.1933291454223722,0.478161296844135,-1.897185754433794,0.5903092068021776,0.438732380313059,-0.43474258897583523,-1.7004649239401364
1998-05-15,-0.4815897519473217,1.7292511440810894,-3.5270728858015543,-0.2640933066963354,-2.084196794131634,1.6203071251059151,-1.5484298634202311,-0.3982639895543056,-1.1479597918100954
1998-06-15,-0.13013963217255672,1.4393900333168304,-3.243128871191096,0.5608769489094104,-1.965254911574698,1.4452564838312683,-1.6346412987638441,-0.5601433738080217,-2.449689287781574
1998-07-15,0.2278897423319494,1.2824986948998587,-2.736057515988286,0.6869892608037249,-2.2632995926597443,2.7575820452111928,-2.2502996034079628,0.0642802173746286,-1.472452139429521
1998-08-15,0.32385519945778213,1.2138510552520358,-2.2860788263008884,1.3889300314589048,-2.8633531110747397,2.943764254509931,-2.3377639202086966,-0.2565943490227938,-0.13336780368042842
1998-09-15,0.8537382062297305,0.7886843830080074,-1.9379401238801865,0.5786525274318043,-2.4687576929498616,2.373244136509227,-1.5717948265770918,-0.34381548721400174,-0.07665669721372573
1998-10-15,1.3545806800936453,0.5404426657172641,-2.027308078966093,-0.24236810393768268,-1.849496400196366,2.007951502837586,-1.1198043455132063,0.7081039829406892,-0.2782440835602949
1998-11-15,1.6365183711931732,0.7283649694601653,-1.7612664662124926,0.5608785245416066,-0.7327636123324223,1.6502997451724521,0.4017139329811953,0.6193652453328544,0.8114592880513587
1998-12-15,1.6880048287087197,0.3715888997980006,-1.864847557951518,0.3788386062723326,0.55071561144886,1.1525438485372974,1.037591786724279,0.9091418098211299,-0.17819531966435775
1999-01-15,1.801087133950113,0.17618604069940716,-1.5782830689558518,0.9105386770244338,-0.02459398926822547,0.7409753173220053,1.6568820572437504,0.5186869322865534,-0.9063264858790632
1999-02-15,1.7973304936522143,-0.15642757193333215,-1.866486856380421,0.30198790028777184,0.584375383794516,-0.6598166465910713,2.5040692200934074,0.3575935151680488,0.5606180132854754
1999-03-15,1.8620485970509086,0.2107311540364541,-2.4972035917837268,-0.09536339582692449,-0.42741901483353173,-0.6842368784456914,2.8105566433090257,0.3695068562154177,0.4778866774920783
1999-04-15,1.8231490689528316,0.09786322738837028,-1.858856178492419,-0.9337990118979244,0.21037266084653958,-0.4605269720422783,1.8505066940272272,0.7377033920164986,-0.45462848660111366
1999-05-15,1.3211309089565266,-0.08063841116600871,-1.1137016687801227,-1.0562921612297431,1.4672932980020736,-0.9348772074716122,0.7674792718961236,0.39979974754943437,-0.5958792877557789
1999-06-15,1.463056138419207,0.0021888209343630303,-1.3284588866100873,-1.6960087315416117,1.0374485594122105,-0.019417156251413648,0.05190060768148482,0.9111841662479059,-0.5461188642076861
1999-07-15,1.2914832502949103,-0.36070350201090434,-1.216942883764676,-2.1361206185953128,0.29465393605916584,0.07955838651766253,0.1287877531170349,0.5203530357587138,-0.6813572188281102
1999-08-15,1.1106950165701464,-0.5599151904756667,-0.9651824886297236,-1.981186971612495,0.3123614178629666,-0.058630698087468354,-0.10002253990578537,0.40426038774651196,-1.4542231884845003
1999-09-15,1.3801400652947904,-0.3887948645915255,-1.3287972206069514,-1.936748981989934,0.1304285937333902,0.3969655655686547,-0.3560807916899483,-0.3262197858604551,-0.46559238927412927
1999-10-15,1.353217798842305,-0.5780428196063527,-1.7509842414805274,-1.7148617647023752,0.13970691713186334,1.0985154896946256,-0.5476433120565894,-0.862842025842544,0.2577053346647335
1999-11-15,1.2911486587452456,-1.0063264782351469,-1.4268875244917172,-1.1536105772332403,0.6963885815463363,1.1312135511039143,0.09693094988140093,-0.9588339207805464,-0.0069792731803271025
1999-12-15,1.4257340671072052,-1.2574792005409736,-1.0849317606011601,-0.8564049945570165,1.6983711429817534,0.6670106294046367,0.05353791446668174,-1.4024900465219219,1.342197957592109
2000-01-15,1.4711303492290861,-1.2293653339163255,-0.6601493203234285,0.005060645261014027,2.180372063584162,0.7319703996478772,-0.2586299214819848,-0.7246455117379654,1.6676853777983809
2000-02-15,1.4334018649692588,-1.0655376420395757,-0.6878953815159864,0.9538825014968517,2.0268040964595553,0.04956206647042281,0.09882849580251592,-0.2259358473768624,1.1506191437147948
2000-03-15,1.4807327197278937,-0.8628067477105222,-1.1202844736970619,1.1751297872462547,2.207731504866872,-0.8647123937807595,0.9135967294572968,0.057211552009369976,0.38691963953208564
2000-04-15,1.1710433486348033,-0.49425063114573514,-1.4757317274233697,0.8629220913817071,1.4062239715922318,-0.34625565280390513,0.8655637466120523,0.14971381579062273,0.10670475289817248
2000-05-15,1.2937780792040476,-0.2836056647729743,-1.0804969596795837,0.5224747038713399,0.5114153290370083,-1.2781685935656986,1.8276493926422368,-0.0931900779568758,-1.3851904569540532
2000-06-15,1.0074169717355121,-0.4994981272781172,-0.693299555402041,-0.9913506097542992,0.7323570138473509,-0.6219049463759051,1.0784094693603266,0.5306833005494698,-0.28990823515721476
2000-07-15,0.571810814065163,-0.6028248161507953,0.16806215097881388,-1.5944421840350826,0.6975670633900657,-0.3727298951312207,0.2031777106926376,0.47787207488845257,-1.4597350596497136
2000-08-15,0.7248576127299582,-0.10966455223856213,0.015761999453997307,-1.0262793311148515,0.6840494328449248,0.16092036060232065,0.034627559243890105,-0.5262716051568128,-1.0905865815085451
2000-09-15,0.5149836879464039,0.06738064168569467,-0.06056388366030408,-0.7038606502912621,-0.2348835699858381,0.40887087421173396,-0.5637809833975388,-0.3249510080934026,-0.911016873477746
2000-10-15,0.9460958307249161,0.2530587379428219,-0.6392238084081449,-0.8137859332769244,-0.14917682298110593,0.5611516000090683,-0.4352456861472019,-0.4192212004899794,0.37563937045100476
2000-11-15,1.308278602510246,0.24681552624677747,-0.8136774417272638,-0.15896547466284613,1.124184419126602,1.609952471477175,-0.23748399857552038,-0.4547511183252449,1.2807790608380876
2000-12-15,1.127442674140839,0.1480731125046286,-0.7073340419396065,0.43065239230656976,1.1909680663990623,1.0821695476522928,0.5605073618026454,-0.41823880090160787,1.153094566725467
2001-01-15,1.3083904152638595,0.3579436545767707,-0.5395932268612207,1.461655938141847,1.103663021569491,0.4225282237053269,1.8904212572688697,-0.16012550552379448,1.2680995145863223
2001-02-15,1.2753633631046954,0.5391812555176901,-1.2289517897297284,1.088919181941846,0.9581885092243696,-0.14974172835086338,1.4181208819471323,0.17308952796840898,1.2891401189566285
2001-03-15,1.1574448541984401,0.5805881995901211,-1.5240317852660341,1.1932644575346352,0.3586438419859043,-0.2731492450175353,0.8637873152138144,0.5599650552537816,1.0902024270671524
2001-04-15,1.0900359172197027,0.5750197850228583,-1.408235837369646,0.5015533057432573,0.8087135408909474,-0.2285329227869641,0.2484815892579544,0.9446215725924726,0.7502515742733419
2001-05-15,0.9304425783787864,0.784861797450222,-0.603346422500381,0.7517506020359127,0.910605686216841,-0.2823826674149917,1.4811967302943412,0.48397865001109636,0.9635181837885262
2001-06-15,0.982951347638637,1.2592896686220214,-0.32700205629977547,0.46136786182574896,0.839581002284318,0.05670252519955448,0.9508962093816613,0.20789471295515113,0.9782917660839957
2001-07-15,0.7123076478975201,1.2334009389313696,-0.0880710495037338,-0.7697973483829523,1.45580514388848,0.338266949118997,0.09374746611542259,0.3790366117485326,1.1475701243057144
2001-08-15,0.3878382533268184,0.9920643738175673,0.2748053107275343,-1.0296815292231192,0.5981687345704024,0.6654408252948459,0.14476232300688308,-0.043308407728857655,-0.2787127808851324
2001-09-15,0.478807287515784,0.7327616686171464,0.7899709005382721,-1.230040012537579,0.5387149527057182,0.9847762394057474,0.08322260030349753,-0.2933842052078081,-1.193260818755433
2001-10-15,0.6472729496695693,0.6681092090065165,0.6296993858645297,-0.9972616524260296,-0.13039031604920662,1.219610401019696,-0.0003146808797742292,0.3511293120391447,-0.9478880010703232
2001-11-15,0.7720546106975718,0.44563638442476394,0.9483668505508378,-0.5173249773806029,-0.629925856888163,1.0826565627562534,-0.09576886979052364,0.6963747661083142,-1.290046229659833
2001-12-15,0.9537495333260319,0.37340099460619347,0.6251273018483066,-0.84185559137159,-0.3637743728956566,0.719830628403126,0.6562588870620669,1.6581394732629238,-1.982057662976424
2002-01-15,0.8828461721217681,0.27769326511129017,0.8501513538963981,-0.15686134978794278,-0.6958963045027169,0.7218870720977679,0.1970021438877163,3.0457710472669146,-1.2654709660205612
2002-02-15,1.0261207987097263,0.6676768258207408,0.3807584287782181,-0.36918704755623133,0.8707168813099087,0.20439958245453319,-0.2512843256986408,4.1864100232971975,-0.25890755885486016
2002-03-15,0.5540733543902006,1.1831800514817525,-0.2758171340263174,-0.17230476829778082,1.048892123060406,0.40328441431057094,0.2065043561452358,3.3784297455754135,0.1410791892985952
2002-04-15,0.5399553173307128,1.4449550081918692,0.447493831013085,-0.3223277019214869,0.26423536137718495,0.5294959451200255,-1.097028608001003,2.2836746606382765,0.04615659878063682
2002-05-15,0.48494165954868995,1.901490071416924,0.5923787791054956,-0.7812652859607886,0.12567752855797718,-0.12281422549966216,-0.7784739229339099,1.6430727254601352,0.5622044695941797
2002-06-15,0.6141414925199177,2.108446844529264,0.4499642740908725,-0.41901460275321084,0.29933493457812776,-0.2996582033847695,0.9441887789737038,1.806232132352348,0.8247284740678121
2002-07-15,0.3015024886307376,1.2254460181669575,0.5835734686795238,-1.0333042622330153,0.879920573625314,-1.0093440306344117,0.32972416396482485,1.2641363130412606,-0.2697788462222941
2002-08-15,0.07512586096609303,1.0290521210042438,0.11686587393244875,-1.1842786599070543,0.6844168709586876,-0.788666180796321,1.0293450919996665,1.0948804481728969,-0.9881933849899404
2002-09-15,0.0035161168547586954,1.0461629883813615,-0.11092215521208267,-1.1878333069511127,0.16421353992314464,-0.27905020505060274,1.0060117260099155,1.6921304502298464,-1.5901940307793796
2002-10-15,-0.21003897706898936,1.0670482830347412,-0.6559921183156898,-0.9593678843698855,0.2662037026353294,-0.0195331745676487,0.5341019050197837,0.9247180909962593,-0.7065661004860361
2002-11-15,-0.4242478770278356,1.344814164658852,-0.17791725359218483,-0.468315542325988,0.6780471981771445,-0.3561109716680745,0.9817521584602752,0.3923255049948707,-0.13606577488401006
2002-12-15,-0.5172253356871682,1.6197804205837762,0.0332764635232784,-0.8421173068115764,-0.3904616599490365,-0.005925873741324061,1.951590303441094,0.07416904572741766,0.3324899491932527
2003-01-15,-0.16569817614464022,1.3953005592336238,0.4432867014168338,-1.0562781446185947,-0.7856475787909712,-0.14024487983971848,2.6391397717913705,0.6687141486187012,0.23650691809605268
2003-02-15,-0.22263892409600253,1.3495675225332207,0.50636065847686,-0.8206492120017526,-0.47594764952833607,0.5434747443443223,1.524350504858851,0.4901741090721896,0.2866383654541852
2003-03-15,-0.2396478025590347,1.364085983111843,0.7962669764383017,0.15542846451541426,-0.2367892861252217,1.0868940210913094,0.7153208530721937,0.369302959877081,-1.6435059240959664
2003-04-15,0.2190607189862981,1.1669602646805581,0.6505160275117223,0.2121957094622458,0.1031315460213496,1.5837073062767817,0.34910093571139367,0.5977073369652062,-1.0542433126446769
2003-05-15,0.6132874979308016,0.9659765969210113,0.6989109436685293,-0.09282011067131853,0.06754028588946759,1.6128505598503913,-0.3272783868962939,0.21940594598053126,-0.44414058521032396
2003-06-15,0.47331094230916004,0.6937275947435919,0.9718238705862455,0.14479074154581884,0.05881530886740145,0.9819593520984828,-0.5015668555320135,0.3698332184970039,-1.0808837765354316
2003-07-15,0.21868470504406456,0.7590207521834321,0.902158726103842,0.6048272234103002,-0.28953810193949253,0.9891764113999058,-0.06266731784869231,0.3998516800076516,0.5104035357049056
2003-08-15,-0.13851743915031595,1.0510743095889397,0.6214291115647868,0.42893898555969706,-0.42138528436951156,0.5884558806465595,0.08741786581566025,-0.21469569408164413,0.5859133327279952
2003-09-15,0.1871763472511804,1.2541309250892425,0.6964750275805581,0.25254762904639383,0.30212805686691535,1.2242612779095094,-0.19696965426090668,-0.2931259204797188,0.6495288705689397
2003-10-15,-0.027501815625520905,1.438827181034081,0.8452892824921128,0.9070196316426198,0.2514657082701553,0.7382789782566028,-0.8238152744545656,-0.19170786664782868,0.003774598899249706
2003-11-15,-0.22623598227109362,1.4010696905185411,0.4488463184037529,0.19633644676941037,0.6119400973261411,0.3459950366360853,-1.874330486052212,-0.6670894987520242,-0.02611849463283908
2003-12-15,0.016766679039448246,1.2476303395311639,0.6275809833136613,-0.09864887847381214,-0.32054132671652985,0.13704757316740965,-0.8497927411880809,0.4797927996646872,-1.0240317941150532
2004-01-15,0.1317246913074744,1.3467884419926832,0.6866735985981598,0.4307362532438024,-0.6085212869722522,-0.23138777347292147,0.12078773550313084,0.36922043816960454,-1.6882082892098822
2004-02-15,0.4100238976680951,1.6178814726424307,0.835161921879666,1.2615697391947498,-0.6111357135022639,-0.17350571633429793,-0.44452791943709336,1.1582268723304958,-1.23831644267266
2004-03-15,0.4210182979275991,1.3106334085012104,0.7931907319946851,1.5796030501939071,0.11155085008455917,0.6227181355368733,-0.6529171131960021,0.8039638160656567,0.8867029921624898
2004-04-15,0.3324891484078814,1.2020209937611586,0.5483767638784557,1.4645868449016182,0.31556855520778665,0.7272362458803481,-0.11163250620937049,0.5885971856737451,1.5777990892311096
2004-05-15,0.2797897260104208,1.0567559353300762,0.8811494243901077,1.2902825785559515,-0.12028058749665929,1.5700250406580352,-0.5391659668087306,0.31150649845580114,1.1762892643213894
2004-06-15,0.04590825516647398,0.9240287560753286,0.8244589457489616,-0.2827666560622444,0.5685318922864946,1.034774575849222,-1.5303510584542546,1.029884970722009,0.26954588528734685
2004-07-15,0.16728828066770068,0.9697959463483194,1.1419769487692961,0.18635443095093332,1.0241675405393293,0.07140746865818999,-0.26020541717428536,0.2552056435911161,-0.6237346672323287
2004-08-15,-0.1631109015568844,0.8059682666329254,1.4218486910231816,-0.021832662681930882,1.1034834647422869,-0.8978542996107518,0.461009028814648,0.15405610384769577,-0.4482524317563657
2004-09-15,-0.26695960764084786,0.983811702083792,1.4235962935859974,0.22189757367411975,1.0675803340983139,-0.5627019935968263,0.26306514020484595,-0.76140970413139,-0.38312493263775915
2004-10-15,-0.39530881111912874,1.2103726294717863,1.2558461996630943,0.048989050237250635,0.6092577612849838,-0.6347346555229249,-0.41141067545483756,-0.5443655008844215,-1.2132410670622022
2004-11-15,-0.49581384271604645,1.2817525589653305,0.7597873214880287,-0.048689354948200446,0.7732897557017242,-0.28128365856170073,-1.6489723912682424,-0.865456443755749,-0.441000885437468
2004-12-15,-0.1813531178913933,1.582660280265338,0.25837164947782704,-0.5209031952192185,0.2628671327184447,-0.1650198510861817,-1.8602461872573026,-1.2324242369099199,1.308538169891898
2005-01-15,-0.24785509194323205,1.2811896248864243,1.1544579054375816,-0.7295847181411672,-0.3492741222064166,-0.1270065548267581,-1.0110139109778769,-0.16411967874420147,2.007938456913847
2005-02-15,-0.050497149782211585,0.834159741394964,0.8333257518007776,-0.1976900314739897,-1.0497102628066626,0.33286864791915954,-0.08340320145789551,-0.08025649630353436,0.6626800627993197
2005-03-15,-0.2565624751311025,0.9532417374556108,0.5466789899245287,-0.1726726770365377,-1.3052119752152598,1.003163254376505,-0.21416209757468352,0.032656815061029465,0.011595932618071838
2005-04-15,-0.18289329661965467,1.0651734521597431,0.42188639611716944,-0.2874229231134148,-0.6741709892309452,0.14952120612739264,0.5328627276920874,0.5123041939776568,-0.22597651903033994
2005-05-15,-0.14051364415002057,1.1259490836131794,0.49293064993685687,0.861395627508146,-0.6106698044067875,-0.5139190947868836,1.561996899406523,0.3522523378015463,-0.30881741239674076
2005-06-15,0.2192302492736896,1.2542816507089736,0.49480313402412057,0.9965332333244795,0.3097089085792652,-0.6250282219482763,1.0220664890294866,0.13874502217614376,-0.7367412517454726
2005-07-15,0.25128840300678007,1.112658651194509,0.2567772547989715,0.7681688605997836,0.23956565313715494,-0.03218977415546894,-0.3177574282190318,-0.6486808885066978,-0.6889396514644138
2005-08-15,0.22437461156834954,1.1737218632740198,0.2991514602400669,0.436282298133876,0.45115357433371567,0.7651890457966706,-0.3240489456664315,-0.7729562408298695,-1.5713770330526318
2005-09-15,0.37805448105476536,1.031367400706653,0.4178546814298054,-0.29380926499766674,0.5665964360700628,1.0966491465371726,-0.046969104493063164,-0.074613924019423,-1.5218816726842603
2005-10-15,0.9417606469947296,1.178643337076593,0.41182998612903515,-0.5956386322126794,0.9591175987088157,1.2882614000499282,-0.10589248929778737,-0.136013000635484,-0.9680276731105468
2005-11-15,1.2173469548148015,0.7446105482572617,0.9024585829990943,-0.21213846451711352,0.7147874251407038,1.421623111080496,1.004168764053201,0.3124250515782772,-0.11365645356190948
2005-12-15,1.015592863300815,0.2446444373746287,1.3574323729239266,1.6493362387549437,-0.1222203889773451,1.436768786789358,1.8915359935229181,0.9350777723181447,-0.8274651986174844
2006-01-15,1.19483729529097,0.19102206577401717,0.6653098605683234,2.609422011194949,0.4487246362487513,1.222700447401463,1.0993555051822173,1.7668452598225899,-0.8316723950858356
2006-02-15,0.912773646868207,-0.19774894125291512,-0.051983370056775974,2.405952921328349,0.5204755272393858,0.5031127520017337,0.4378472605632647,2.34525882229076,-0.21003343358787624
2006-03-15,0.8157363129383619,0.01528931867132663,0.042330084899136707,0.8625437556878613,0.809284429394847,0.43929725983914797,-0.4708142472470707,1.5347571902699666,0.5165831335393389
2006-04-15,0.9010649451782394,0.35652166868905166,0.5550329877885917,0.6114597544749277,0.4651332355958792,0.4359090799380083,0.631070219044821,1.6474062784611854,-0.9090834494058513
2006-05-15,0.5797918242535022,0.7894345553049373,0.26899269484963634,0.034411140068397315,0.22501734913504973,0.9613133534724925,0.01131447501930466,1.2481234480446748,-0.3509676783624861
2006-06-15,0.2536827198100322,0.6539363177412775,0.6153282826930571,0.2530496575643808,0.01840607823424805,0.5276085863503479,-0.1798733159733552,0.30575407124075105,-0.3793551788529412
2006-07-15,-0.3249330588127019,0.4960253863399978,0.6349860250155471,0.12030082960908409,0.7763431848279022,0.5031102711985379,-0.1567385400828961,-0.10896886009575338,0.12254118011215838
2006-08-15,-0.7172877760985577,0.6339774617002701,0.2503652258731793,-0.5627838558450415,0.9855308443909072,0.27066172867706156,-1.0620449572691413,0.3789263050281804,-0.011691547040910836
2006-09-15,-0.6674857916806952,1.3131225683349081,-0.020336706602006382,-0.021933808184332545,1.167297617363479,0.49708932688852325,-1.6639846424154665,-0.10119152481779978,-1.1399475595691697
2006-10-15,-1.1095448961688512,1.1091602399267617,0.29460069799092053,-0.026975123199121435,1.845698118707786,-0.43826153624501335,-1.1785558147356017,-0.056209752363963354,-1.5152886266510206
2006-11-15,-0.84519446622953,1.430823073202833,0.11578753411970688,0.0076172556695893135,0.7907337488568934,-1.0135202547628217,-0.6421410098072262,-0.6350101351805724,0.1328335964781201
2006-12-15,-0.6802842452974626,1.4311441020975626,-0.18161823590968565,-0.3490135863049523,1.116815528185374,-1.5874170871697826,0.6950619344057715,-0.6616621799026978,1.9903456730830262
2007-01-15,-0.2076121085817875,1.3852948072436644,-0.5035698810405771,-0.10101076575602987,0.992115691216962,-1.3997683648634733,0.3271637781933511,0.131664949494731,1.2899880733013638
2007-02-15,-0.17956180972953384,1.1178571668007782,-0.5321964246802726,0.0663245639505347,1.490014321520113,-0.20450373148439138,0.32902627753199976,0.14072732751208056,0.6402555098620519
2007-03-15,0.148882119301921,1.0078854191415785,0.21755281369191729,-0.26664959501633223,1.1154722329596547,-0.09027021863431925,0.5811064674517665,0.13955808675241424,0.032003210933150956
2007-04-15,0.37665668884142733,0.9899273569928079,0.5383815924188114,0.2755742555559167,0.8246320917952791,-0.3346373388640714,1.1600957408761974,0.2573481252942461,-0.3582894042360203
2007-05-15,0.9143247753330566,0.7566240947709695,0.7807734130111553,0.2007666601730731,0.3905046813039766,-1.2520221502467885,1.310632321131211,-0.3267359433276688,0.1807702805409363
2007-06-15,0.9778682000547226,0.9744034117166703,0.6746625369486787,0.5804633517732173,-0.44650133072301645,-1.0350335771467454,1.5472164872419965,-0.35696154040510286,0.9936804138152872
2007-07-15,0.8251984777619521,0.8044814488111437,0.39726799768232984,0.3439296779144163,-0.10309823704254194,-1.0295027384406286,1.4740489585142988,-0.9477267524742949,0.21813056282214544
2007-08-15,0.9951194986091552,0.3988692447328303,0.5544922779310276,-0.557277972054719,-0.08466311763005914,-0.7566523317942251,1.491928442289307,-0.8083238096164712,-0.2593907432960819
2007-09-15,1.368204777150942,0.47837336439619327,0.3999883882249463,-1.0990062783223615,-0.42703705340119075,-0.6788090892062764,1.0812934760135275,-0.9983167477061611,-0.6915577285538433
2007-10-15,1.6059876342153276,0.020255013787821442,0.1568304361335267,-1.7748347683418968,-0.13324469538018466,-0.21631240236404103,0.27134187624844536,-0.36035479363291373,-0.8722683769063385
2007-11-15,1.5754505789739277,-0.6750919828665952,-0.03627753042453582,-1.6368538005910926,-0.3880577729005429,-0.9717790231788744,1.3736170023453282,-1.0390744766778532,0.41635099324267516
2007-12-15,1.65653510291256,-0.7201410556174899,-0.11756666258964024,-1.0218650542461647,-0.4212630554429533,-1.358546150699185,1.8587845371332787,-0.6147922650053691,0.060076609644859
2008-01-15,1.8721590696151154,-1.030181202050617,-0.983187746262857,0.19569694187808487,0.336348903786227,-1.3620824909997644,1.1244172841962727,1.0315396152521503,0.5336380515587238
2008-02-15,1.7929143208861542,-1.066458097137799,-1.4128699147919284,1.5575395110649632,1.4211166952757377,-0.5005590392675866,-0.24866663221037075,1.0048442194304017,-0.5474137733870944
2008-03-15,1.4291017712510479,-0.8813716067250598,-0.9993259521706901,2.22927484407113,2.090468154902121,-0.31976674707850405,-1.1549633904868717,0.7356785741684574,-0.3607210749071616
2008-04-15,1.302824356100919,-0.31673953458215953,-1.2555959848059188,1.2541523683917175,2.4985992828463734,-0.23158150121081708,-0.5258079012596688,0.7260287002929326,-0.7636432890945786
2008-05-15,1.0053439414276628,-0.2906018376010631,-0.8788085007469274,1.0131061020577736,2.724646824353337,-1.521014525415094,0.3525437554856657,-0.10286526881101843,0.41019704630020276
2008-06-15,0.6930758314517171,-0.36666491877511875,-0.9521910872879206,0.1033589223416348,1.621169795163405,-1.1800260075690006,-0.11726487824632258,-0.15808759820287485,0.39041970327713327
2008-07-15,0.556432959275789,-0.16111982021016524,-1.0165040654343465,0.16430948271816856,0.6787758395389973,-0.8945527444532634,-0.4728926303682997,0.10645778100541935,1.2098531004216557
2008-08-15,0.5597324476658277,0.42972347144660133,-1.4631069441305553,-0.2464422604414748,0.5460360141130012,-0.17144058530880568,-1.2626081414940074,-0.2899432891872348,0.7520950830673251
2008-09-15,0.619533651901262,0.49489723662049556,-1.5924946846903623,-0.4492103811620182,0.2046715848325487,0.06087419052416616,-1.0415595741437573,-0.7926376653556556,0.6438952941560161
2008-10-15,0.770890466753121,0.7608096282650585,-1.4425665564942518,-0.22949591925103308,-0.009530316501982355,0.33831117415278894,-0.4904050113005751,-0.7839557659491818,0.9688658226084428
2008-11-15,1.0233364243366412,0.38305231003421386,-1.0323762067421882,-0.0069565894342456126,-0.06604500301929096,0.5575805190386085,-0.10165642715373273,-0.4201711805307694,1.4145023964459251
2008-12-15,1.128627060102402,0.19440954709196767,-0.32243558837382374,1.5452081204031707,-0.027665711814145552,1.2827210731442544,-0.9276838798867819,0.24876164207755747,0.7373996996715405
2009-01-15,1.2253447618920938,0.24753192163127102,-0.13776295082675855,1.1000491890472865,0.5219425809283105,0.5698313685745555,-1.179341351073567,0.3248810390402817,0.22945626932482133
2009-02-15,1.0596476551706941,0.2056690359988266,-0.6284144594094615,0.45268759751944765,0.4194936260107742,0.21262251436880047,-0.8311398040715441,1.0512577935060032,1.3619360351948946
2009-03-15,1.1306676705822054,0.4421084581654097,-0.929323999354708,0.2758424326014691,0.6529697813032623,1.0759869794730645,-0.7833133152655363,0.8203221554973804,2.069424439617044
2009-04-15,0.6401653095498102,0.6328998428354051,-0.5684793715416115,0.573045523560312,1.2096085195146737,0.70079726473711,-1.3322471305486532,0.9401095181237368,1.3262425147145227
2009-05-15,0.16126761195118258,0.7200415091692332,0.20848595576146853,1.4175596687983334,1.5235688665205422,0.24431762274531515,-1.696007019402186,1.0117306233284216,0.8191030118655257
2009-06-15,-0.27225922946668163,1.0961578293243548,0.8438217040430898,2.1507998408694937,0.9382526951586064,0.2677809283373646,-1.3623630802647024,0.02622360566770185,0.9234723177178001
2009-07-15,-0.13659073878374145,1.3777074628197588,0.4648393675119294,1.7200671732224202,0.6394871833100184,0.8253927355493901,-0.5947437611457964,-0.10926178138299085,1.2343898057032938
2009-08-15,-0.2605785543778531,1.619632474836726,0.5316376511956047,1.1164440953308705,0.431633624939693,1.281337658891936,-0.5782401401166026,0.10325829608720244,0.0735949916096427
2009-09-15,-0.5111888319246858,1.4609575154762324,0.8810360281209255,0.4217797139669367,-0.03502803890060504,1.0338840727548129,-0.19775747615324338,0.25045741886109774,-0.5939610858134331
2009-10-15,-0.7627892516255106,1.5464680965157718,0.7586111915660027,-0.5964420386664762,0.23789358613270112,0.35532094152753263,-0.3443115105044488,0.6378865644186377,-0.35604245403474916
2009-11-15,-0.8423027655352617,1.6706146909707769,0.33585166522965976,-1.0163704639456859,0.3871276284234981,-0.3634254841180349,-0.1347332358155352,-0.6382367099576812,1.1387061749628793
2009-12-15,-0.8733776019711363,1.8330276363652596,0.4715039600179782,-1.1257663261089712,-0.5663729843282699,-0.7875797442854189,0.9245459253013053,-0.38636931189696855,1.32742658071797
2010-01-15,-0.5264523387329965,1.484458930714712,0.7555801532966078,-1.273502320368213,-1.1073207103530298,-1.5863121322452987,2.353602860085556,0.48431537419490167,2.0287624781855955
2010-02-15,-0.3681454352428053,1.5275386978178964,-0.2211392769119806,-1.5979564643713937,-1.7832956030769282,-0.7792462106170838,2.50306804568286,0.5299045613059584,1.5108210907411361
2010-03-15,-0.05421261944488878,1.7043330052640209,-0.6140963824385497,-1.7089366593327724,-1.926126076104335,0.4368003830018997,1.9598682982784172,0.4097940496360751,1.2293028992966861
2010-04-15,0.21577150619484117,1.855377596114056,-0.03994457973430248,-1.4861417295781587,-1.5104245983696867,0.19201801447407385,0.876519526820197,0.13577402303888522,0.16853157408700342
2010-05-15,0.7387185743940279,1.459618386516808,0.12368248280968185,-0.9995491361497136,-0.9268753035388201,-0.22848595440658753,0.7847659834702777,0.21796081934338984,-0.02776011049818335
2010-06-15,1.3874753846308003,1.2217719702162646,0.2264246723516895,-0.9430516960749119,-1.1098288512638022,-0.49272325390933364,0.5477817316604825,0.2693575405485946,-0.8934716289594284
2010-07-15,1.7754298283460688,0.9138766284366864,-0.24559055284741024,-1.795336736652407,-1.1084992901554251,0.26351666372454696,0.3940917662247085,-0.17898859884633833,-0.015247187297025634
2010-08-15,1.953685603354145,0.4194767573920648,-0.7547757957685672,-2.2630574403682164,-1.4893964000150164,0.5345100708755651,-0.5203506786090539,-0.09968916076902058,0.11702839128788503
2010-09-15,2.203638011281066,0.057634803694255644,-1.1294233031949101,-1.8801351281644163,-1.5673399560417351,1.053195680352067,-0.44528876704084597,0.4456206101441671,0.30693068682717844
2010-10-15,2.2020586389443833,-0.3396742129578655,-1.0924758535978578,-1.440049637557777,-1.476777413329813,0.7467024186551905,0.23660067679267957,0.21899541112156465,0.8447041126488595
2010-11-15,2.1483427584924946,-0.8544817116709059,-0.653411174046015,-1.1508923084005866,-1.3757794254094624,-0.8839892139509503,0.387194211590977,0.07564604003948572,1.8882581154836457
2010-12-15,2.2362236996997282,-0.8790312559178687,-0.5293375076309993,-0.933907458548722,-2.7403082792560207,-1.6420667373436117,1.0312754807323317,0.5550580674891314,2.9361138514559975
2011-01-15,2.182793916406565,-1.0546593387890573,-0.024651592177267114,0.16767165908455797,-2.4896922370981063,-2.842556856626461,-0.4424927957791598,0.7442599097984767,1.5844505805376112
2011-02-15,1.8321948657729028,-0.7064336309228404,-0.13183361250753323,0.6186403843807898,-1.8016276063511119,-2.945954248294458,-1.408588130321371,1.2424730626582283,0.9180441628112141
2011-03-15,1.6384144992829526,-0.517310003759371,0.3405279021120408,0.6109669594649969,-0.7658752579603457,-2.3649331101852895,-1.408393678696431,1.116272482818434,-0.4136807206840261
2011-04-15,1.4100721526385378,-0.10650184432299212,0.8727301918057403,0.7158811757635176,-0.043616454051360866,-3.1791317534942656,-1.3689697868364294,1.0121738112388068,-1.7278802915297684
2011-05-15,1.4422796381995966,0.11120836745931582,0.5377216536314906,0.27574988169194103,0.4294844097203535,-2.981897641863332,-0.3436404143682124,0.5021053376276432,-1.0318217229690831
2011-06-15,1.4361898321355884,0.547665560656751,-0.10166943949539976,-0.4531563697365572,0.760116992168575,-2.7483586528204595,-0.3903126134284486,0.9780487082567969,-1.0273578836500243
2011-07-15,1.243195243037039,0.2340390462715177,-0.3631550541714202,-1.7631838709930994,0.8374966512246691,-2.334820430321336,-1.165415168874687,1.0426415280230854,-0.9183427548166209
2011-08-15,1.2267809545372592,0.1046128235359291,-0.5066108727635091,-2.0676742620290844,0.08751978234336111,-1.8932604465841036,-1.5934484047155906,0.3135969469787861,-1.4438005965669078
2011-09-15,1.361054893740285,-0.1625348866272246,-0.35383815000033453,-2.0672939745068675,0.3361067000210901,-1.4887345466331987,-1.3187660326215693,-0.2324333438238343,-0.7413812965126015
2011-10-15,1.4978327307818107,-0.3682084776362736,-0.20814684046918475,-1.453120576007783,-0.2915791523272386,-0.6980396479607968,-1.324629396720984,-0.4906975287132864,-0.1076554129262413
2011-11-15,1.680303099989217,-0.32212987228722223,-0.5166609293100051,-0.8658103453795373,-0.16152384833574096,-0.506301767657097,-2.069717649078785,-1.2512476538095598,0.8406229628447205
2011-12-15,1.6670800181575922,-0.5566570619356436,-0.8309119502520449,-0.33047143930145734,0.25829076158791564,-0.1622499007694347,-1.7089751607329704,-1.5039245474572562,0.6481953618542152
2012-01-15,1.111750507750491,-0.6523213361997464,-0.9379211703073441,0.786873875189025,1.4861749775696624,-0.30594594569331623,-1.144404360859365,-1.9966855901586045,0.31916167430498155
2012-02-15,0.5844244716989538,-0.16187152058281928,-0.9654930578893234,2.0835975781689515,1.7603923193695243,0.23437164874304978,-0.7185940803905349,-1.5965771406525013,-0.6944881034195647
2012-03-15,0.4726046328744653,0.08344723955902227,-1.4514780716893834,1.446355809652452,2.0206397960463325,0.6680298729068109,-0.537273018322283,-0.9955083918426727,-1.3107749986557098
2012-04-15,0.3653444451992569,0.27490652086032735,-0.8758931400681671,1.173991183126896,1.3215717269695928,-0.07568689271582482,-0.5719945129308063,-1.128739429586792,-1.352056416047372
2012-05-15,0.6558589824042671,0.6604139693436355,-0.9367032823828049,0.5563189170751256,1.449285176803286,-0.6409859193496633,-0.8918328192768344,-0.09826092467616016,-1.0356856809378616
2012-06-15,0.3138080354179609,0.4573961328052586,-0.9891860576965537,0.38930228614143253,1.3076284425870968,-1.6651839569611404,-0.5858969309181371,0.3171494412790011,-0.8982240660360609
2012-07-15,0.2775211594222203,0.7063932946315485,-1.0352223583465254,-0.5351762123960161,0.676523286020504,-0.8615020963281861,-1.2388729849848503,-0.008723371933269388,-0.6927373417590179
2012-08-15,-0.006509937066730513,0.5702841173235736,-0.8543804490304271,-1.7531426489751736,0.34506139143417663,-1.0563418102090272,-1.3441835143948622,0.15469655362349477,-0.7199023530331452
2012-09-15,0.2029555720836634,0.9463842034117744,-0.6138929160093095,-2.0461911088128284,0.5550721427818556,-1.0267444018544498,-1.0024552089858796,0.013895599993694724,-0.3104713745015222
2012-10-15,0.1687713009324834,0.9545195450247559,0.3166023536052573,-1.557739356456308,0.7299600444559959,-0.9003433777606016,-0.4498014637391381,0.03572733146177224,-0.5843636556249011
2012-11-15,0.13383571734164984,0.7822716634669273,0.9362587365867383,-0.7249719948357707,0.948240631475742,-0.6891367758926651,1.0246801122128513,-0.846945402980956,0.8221970444873108
2012-12-15,0.5303763406475601,0.5805194683973132,0.8229529926695438,-0.2769174776992465,0.48059116927888235,-0.205196977279984,1.3942703487873422,-1.3729935350917755,-0.746405215184933
2013-01-15,0.6593362538256297,0.29912230091140507,0.1891673103512081,-0.3791346859204778,0.9261030256526084,-0.1427272594188597,0.32075654255487807,-1.2612691575372557,-1.7575229128596417
2013-02-15,0.6905304758022635,0.472669629924074,-0.8657350299638918,0.2972890414911231,0.9912791526364377,0.8323707461564507,-0.8077750237078726,-1.3358692658012001,-0.8833330739965767
2013-03-15,0.7690949868545759,0.1694116173156474,-1.3340507369756152,0.4864798498112351,1.5567622573948534,0.8599593137821435,-0.38384648839950536,-1.7926299023186425,0.05951720000766349
2013-04-15,0.6728724962834894,0.615983579222669,-0.4651734661890766,0.6228854140500796,0.6827263901618729,1.0699616966021201,0.47185293615288143,-1.754755183772759,0.27606325545791727
2013-05-15,0.6241858701659535,0.6534081120817493,0.6930125826105998,1.321505322128025,0.2253403026127502,1.227829756534091,-0.20611733400973778,-2.299817105856178,0.7676446244707267
2013-06-15,0.8486820158707779,0.6607453938611414,0.8492449257370178,0.17869231677807781,1.1677494186074517,1.2085829015481122,-0.013380332691808957,-2.921981531447528,1.0076194441467297
2013-07-15,1.0049317293796007,0.7064645987677175,0.841868495868761,-0.13972949130185175,0.8287709841709677,0.7249640274571715,0.44460711934749014,-1.6385830787796793,0.6736356558758517
2013-08-15,0.9337045998661858,1.0223709398989924,0.6639780033339553,-0.03074147421560405,0.5453436896326952,1.2170385712289271,0.6486779012430439,-0.7379706824209382,0.5038089967542059
2013-09-15,0.9864967162934674,1.044306378153483,0.9686525398751258,0.07994604740985552,-0.6909612461828433,0.006640563068117486,0.5921890340778182,0.023111621698528692,0.7500645187775961
2013-10-15,0.9995097604680425,0.9139306683130486,1.2451037414519932,-0.930793426846281,-0.7643002549329676,-0.7910546135497831,-0.3883148773181724,0.1906240455607434,-1.0454624922270412
2013-11-15,0.8155481697434553,1.0116155524750667,0.860522541737581,-0.15165521615987673,-0.5563293115122084,-0.8866091426054471,-0.8559547559768299,-0.36371432322854375,-0.819759343442871
2013-12-15,0.8849916052549636,0.8303499798220263,0.7803426236428502,-0.06978423729502424,-0.5069650188058974,-0.5841406788443887,-1.1983244088338987,-1.1990336030291342,-1.1387241600663247
2014-01-15,1.0474870186388017,0.6980083807179338,1.158411441054176,0.7579826640548811,-0.47952143974881606,-0.6793633027420882,-1.231194335876276,-0.6540265654953066,-0.8004656934749436
2014-02-15,0.9566099609366424,0.6613215166294778,1.6383854529889597,0.0064742849438010576,-0.029019061120173092,-0.4905759846659459,-1.3560203553213965,-0.4813503975208643,-0.2920447880429367
2014-03-15,0.44747672247923165,0.804669465171212,1.6950452012772654,0.027471586861762178,-0.9125532643017468,-0.6654729775912753,-0.6651619659289987,-0.40386199290750047,-0.5407430197376918
2014-04-15,0.34713545745254365,1.4903453946761709,1.4862155327678614,0.2554481896583501,-1.4626707760389706,-0.6167497118362192,0.38734597956798306,-1.0711510599458776,-1.4991511485131856
2014-05-15,0.2634095230313238,1.54897741193671,1.6164070636838126,0.9392956954590133,-1.4501054343991457,-1.1891634897938008,0.3653149582547165,-1.2305899134427742,-0.6189063915467481
2014-06-15,0.31181128223863136,2.059680138204571,1.0871250150658749,1.0011217099088014,-0.8302168153856062,-1.3692754149015645,-0.4850219134098629,-1.4984024683663466,-0.32727908003526185
2014-07-15,0.21640840230190705,1.5497558254730759,1.0436833520955586,0.8751269674759317,-0.43943456700323075,-1.256028907644486,-0.4150502484037146,-0.6827362207272137,-0.2686752099165015
2014-08-15,0.39555459702705525,1.8775693403341163,1.2209668214475777,1.310806246736697,0.03329416787096418,-0.8330032683225673,-0.5579881560439999,-1.2002577789857085,-0.44741489228338355
2014-09-15,0.4037243044164619,1.6264960619900224,1.3544547899371266,1.2227521018857122,-0.030865634963021256,-0.9824487844597698,0.012326402789145516,-1.850903001187254,0.04457111630866846
2014-10-15,0.07934648726475411,1.4542876664593996,1.560150909424145,1.1451318094896914,-0.24875431373715548,-1.7136601342796873,0.12029807193900495,-2.0253605351379305,-0.9350485828523082
2014-11-15,-0.28147571558861006,1.749576627167871,1.4547955107843935,0.8882124689870737,-1.4780594351016372,-2.1600291043513864,0.040443742613533694,-2.6292850815589834,0.6205473079448597
2014-12-15,-0.28638121155131285,1.5776730495660771,1.288306257417284,0.3750747986233572,-2.8458572488391014,-1.7254039776733798,0.41702697892341384,-2.992881811970021,0.16249246752657948
